date,sentiment_score,count
2023-01-01,positive,4706
2023-01-01,negative,4211
2023-01-01,neutral,498
2023-01-02,negative,4033
2023-01-02,neutral,455
2023-01-02,positive,3984
2023-01-03,positive,6572
2023-01-03,negative,9458
2023-01-03,neutral,749
2023-01-04,positive,3380
2023-01-04,neutral,433
2023-01-04,negative,4501
2023-01-05,neutral,403
2023-01-05,negative,4146
2023-01-05,positive,3499
2023-01-06,positive,2901
2023-01-06,negative,2739
2023-01-06,neutral,306
2023-01-07,positive,1934
2023-01-07,neutral,226
2023-01-07,negative,1947
2023-01-08,negative,2154
2023-01-08,positive,2203
2023-01-08,neutral,265
2023-01-09,positive,5641
2023-01-09,neutral,626
2023-01-09,negative,5926
2023-01-10,positive,2948
2023-01-10,neutral,349
2023-01-10,negative,2752
2023-01-11,negative,2439
2023-01-11,neutral,301
2023-01-11,positive,2957
2023-01-12,neutral,430
2023-01-12,positive,4055
2023-01-12,negative,3768
2023-01-13,neutral,454
2023-01-13,negative,3748
2023-01-13,positive,4088
2023-01-14,negative,11510
2023-01-14,positive,8793
2023-01-14,neutral,1173
2023-01-15,negative,15244
2023-01-15,neutral,1697
2023-01-15,positive,14317
2023-01-16,positive,6975
2023-01-16,negative,7195
2023-01-16,neutral,807
2023-01-17,neutral,519
2023-01-17,negative,4741
2023-01-17,positive,4505
2023-01-18,neutral,603
2023-01-18,positive,5041
2023-01-18,negative,5559
2023-01-19,positive,9136
2023-01-19,negative,9099
2023-01-19,neutral,1087
2023-01-20,positive,6997
2023-01-20,neutral,770
2023-01-20,negative,5849
2023-01-21,positive,5141
2023-01-21,neutral,616
2023-01-21,negative,5142
2023-01-22,negative,12960
2023-01-22,positive,14197
2023-01-22,neutral,1691
2023-01-23,positive,6299
2023-01-23,neutral,698
2023-01-23,negative,5901
2023-01-24,neutral,458
2023-01-24,positive,4452
2023-01-24,negative,4122
2023-01-25,neutral,439
2023-01-25,negative,4067
2023-01-25,positive,3942
2023-01-26,neutral,384
2023-01-26,positive,3568
2023-01-26,negative,3115
2023-01-27,neutral,1002
2023-01-27,positive,9271
2023-01-27,negative,10353
2023-01-28,negative,5370
2023-01-28,neutral,509
2023-01-28,positive,4265
2023-01-29,neutral,509
2023-01-29,negative,4303
2023-01-29,positive,3940
2023-01-30,neutral,87
2023-01-30,negative,803
2023-01-30,positive,698
2023-02-01,negative,4684
2023-02-01,neutral,486
2023-02-01,positive,4719
2023-02-02,neutral,367
2023-02-02,negative,2726
2023-02-02,positive,3084
2023-02-03,negative,3977
2023-02-03,positive,4327
2023-02-03,neutral,431
2023-02-04,negative,10673
2023-02-04,neutral,739
2023-02-04,positive,6329
2023-02-05,negative,3909
2023-02-05,neutral,371
2023-02-05,positive,3279
2023-02-06,positive,2622
2023-02-06,neutral,303
2023-02-06,negative,2795
2023-02-07,neutral,215
2023-02-07,negative,1679
2023-02-07,positive,2051
2023-02-08,negative,2178
2023-02-08,positive,2147
2023-02-08,neutral,206
2023-02-09,negative,1449
2023-02-09,neutral,176
2023-02-09,positive,1513
2023-02-10,positive,1724
2023-02-10,negative,1445
2023-02-10,neutral,167
2023-02-11,neutral,735
2023-02-11,positive,5971
2023-02-11,negative,9417
2023-02-12,positive,2387
2023-02-12,negative,3548
2023-02-12,neutral,298
2023-02-13,neutral,162
2023-02-13,negative,2066
2023-02-13,positive,1616
2023-02-14,positive,1653
2023-02-14,neutral,190
2023-02-14,negative,1934
2023-02-15,positive,8972
2023-02-15,negative,14043
2023-02-15,neutral,1124
2023-02-16,negative,3699
2023-02-16,positive,2328
2023-02-16,neutral,275
2023-02-17,neutral,182
2023-02-17,negative,1924
2023-02-17,positive,1536
2023-02-18,negative,13148
2023-02-18,neutral,1410
2023-02-18,positive,11154
2023-02-19,positive,3368
2023-02-19,neutral,394
2023-02-19,negative,3698
2023-02-20,positive,2455
2023-02-20,negative,2363
2023-02-20,neutral,254
2023-02-21,neutral,297
2023-02-21,negative,2373
2023-02-21,positive,2509
2023-02-22,positive,2104
2023-02-22,neutral,209
2023-02-22,negative,1962
2023-02-23,neutral,274
2023-02-23,negative,2364
2023-02-23,positive,2818
2023-02-24,negative,2020
2023-02-24,positive,2563
2023-02-24,neutral,213
2023-02-25,positive,6526
2023-02-25,negative,7831
2023-02-25,neutral,672
2023-02-26,negative,3985
2023-02-26,positive,3573
2023-02-26,neutral,371
2023-02-27,neutral,260
2023-02-27,positive,2427
2023-02-27,negative,2438
2023-02-28,neutral,237
2023-02-28,negative,2028
2023-02-28,positive,2157
2023-03-01,positive,7431
2023-03-01,neutral,798
2023-03-01,negative,6322
2023-03-02,positive,3572
2023-03-02,negative,3132
2023-03-02,neutral,384
2023-03-03,positive,2619
2023-03-03,negative,2227
2023-03-03,neutral,281
2023-03-04,positive,11753
2023-03-04,neutral,1467
2023-03-04,negative,12304
2023-03-05,neutral,818
2023-03-05,negative,5720
2023-03-05,positive,5981
2023-03-06,negative,3733
2023-03-06,positive,3887
2023-03-06,neutral,487
2023-03-07,neutral,422
2023-03-07,positive,3702
2023-03-07,negative,3447
2023-03-08,negative,2992
2023-03-08,neutral,343
2023-03-08,positive,2975
2023-03-09,positive,5187
2023-03-09,negative,6506
2023-03-09,neutral,584
2023-03-10,neutral,272
2023-03-10,negative,2484
2023-03-10,positive,2288
2023-03-11,negative,3537
2023-03-11,positive,3009
2023-03-11,neutral,377
2023-03-12,negative,7145
2023-03-12,neutral,822
2023-03-12,positive,8863
2023-03-13,negative,2880
2023-03-13,positive,3306
2023-03-13,neutral,359
2023-03-14,negative,2026
2023-03-14,neutral,265
2023-03-14,positive,2258
2023-03-15,negative,2678
2023-03-15,neutral,305
2023-03-15,positive,2930
2023-03-16,neutral,939
2023-03-16,positive,7526
2023-03-16,negative,10961
2023-03-17,positive,2659
2023-03-17,neutral,330
2023-03-17,negative,3539
2023-03-18,positive,2478
2023-03-18,negative,2653
2023-03-18,neutral,310
2023-03-19,positive,7690
2023-03-19,neutral,858
2023-03-19,negative,6567
2023-03-20,positive,3121
2023-03-20,negative,2675
2023-03-20,neutral,334
2023-03-21,positive,3011
2023-03-21,negative,2918
2023-03-21,neutral,325
2023-03-22,neutral,282
2023-03-22,negative,2386
2023-03-22,positive,2533
2023-03-23,negative,3150
2023-03-23,neutral,339
2023-03-23,positive,2907
2023-03-24,negative,2147
2023-03-24,positive,2150
2023-03-24,neutral,260
2023-03-25,positive,1704
2023-03-25,neutral,189
2023-03-25,negative,1631
2023-03-26,positive,2408
2023-03-26,neutral,282
2023-03-26,negative,2124
2023-03-27,neutral,219
2023-03-27,positive,2270
2023-03-27,negative,1963
2023-03-28,positive,2677
2023-03-28,neutral,304
2023-03-28,negative,2426
2023-03-29,neutral,261
2023-03-29,negative,2062
2023-03-29,positive,2544
2023-03-30,negative,2219
2023-03-30,neutral,220
2023-03-30,positive,2264
2023-03-31,neutral,242
2023-03-31,negative,1878
2023-03-31,positive,2188
