Date,PremierLeague,LaLiga,Bundesliga,SerieA,Ligue1,ChampionsLeague
1/1/2023,2,0,0,0,6,0
1/2/2023,1,0,0,0,4,0
1/3/2023,4,0,0,0,0,0
1/4/2023,4,0,0,10,0,0
1/5/2023,1,0,0,0,0,0
1/6/2023,0,2,0,0,0,0
1/7/2023,0,3,0,3,0,0
1/8/2023,0,4,0,5,0,0
1/9/2023,0,1,0,2,0,0
1/10/2023,0,0,0,0,0,0
1/11/2023,0,0,0,0,10,0
1/12/2023,1,0,0,0,0,0
1/13/2023,1,1,0,1,0,0
1/14/2023,6,4,0,3,3,0
1/15/2023,3,2,0,5,7,0
1/16/2023,0,1,0,1,0,0
1/17/2023,0,0,0,0,0,0
1/18/2023,0,0,0,0,0,0
1/19/2023,1,0,0,0,0,0
1/20/2023,0,1,1,0,0,0
1/21/2023,6,4,6,3,0,0
1/22/2023,3,4,2,4,0,0
1/23/2023,1,1,0,2,0,0
1/24/2023,0,0,4,1,0,0
1/25/2023,0,0,5,0,0,0
1/26/2023,0,0,0,0,0,0
1/27/2023,0,1,1,2,1,0
1/28/2023,0,4,6,3,2,0
1/29/2023,0,4,2,4,7,0
1/30/2023,0,1,0,1,0,0
1/31/2023,0,0,0,0,0,0
2/1/2023,0,1,0,0,10,0
2/2/2023,0,1,0,0,0,0
2/3/2023,1,1,1,0,0,0
2/4/2023,7,4,6,3,3,0
2/5/2023,2,4,2,4,7,0
2/6/2023,0,1,0,2,0,0
2/7/2023,0,0,0,1,0,0
2/8/2023,1,0,0,0,0,0
2/9/2023,0,0,0,0,0,0
2/10/2023,0,1,1,1,1,0
2/11/2023,7,3,6,3,2,0
2/12/2023,2,4,2,4,7,0
2/13/2023,1,1,0,2,0,0
2/14/2023,0,0,0,0,0,2
2/15/2023,1,1,0,0,0,2
2/16/2023,0,0,0,0,0,0
2/17/2023,0,1,1,1,1,0
2/18/2023,8,4,5,3,2,0
2/19/2023,2,4,3,5,7,0
2/20/2023,0,1,0,1,0,0
2/21/2023,0,0,0,0,0,2
2/22/2023,0,0,0,0,0,2
2/23/2023,0,0,0,0,0,0
2/24/2023,1,1,1,0,1,0
2/25/2023,6,4,6,2,2,0
2/26/2023,1,4,2,4,7,0
2/27/2023,0,1,0,2,0,0
2/28/2023,0,0,0,2,0,0
3/1/2023,2,0,0,0,0,0
3/2/2023,0,0,0,0,0,0
3/3/2023,0,1,1,1,1,0
3/4/2023,7,4,6,3,2,0
3/5/2023,2,4,2,4,7,0
3/6/2023,1,1,0,2,0,0
3/7/2023,0,0,0,0,0,2
3/8/2023,0,0,0,0,0,2
3/9/2023,0,0,0,0,0,0
3/10/2023,0,1,1,1,1,0
3/11/2023,6,4,5,3,2,0
3/12/2023,4,4,3,5,7,0
3/13/2023,0,1,0,1,0,0
3/14/2023,0,0,0,0,0,2
3/15/2023,2,0,0,0,0,2
3/16/2023,0,0,0,0,0,0
3/17/2023,1,1,1,2,1,0
3/18/2023,5,4,5,3,2,0
3/19/2023,1,5,3,5,7,0
3/20/2023,0,0,0,0,0,0
3/21/2023,0,0,0,0,0,0
3/22/2023,0,0,0,0,0,0
3/23/2023,0,0,0,0,0,0
3/24/2023,0,0,0,0,0,0
3/25/2023,0,0,0,0,0,0
3/26/2023,0,0,0,0,0,0
3/27/2023,0,0,0,0,0,0
3/28/2023,0,0,0,0,0,0
3/29/2023,0,0,0,0,0,0
3/30/2023,0,0,0,0,0,0
3/31/2023,0,1,1,0,1,0
