date,average_toxic_score
1/1/2023,1.109716215
1/2/2023,1.061024245
1/3/2023,1.188987232
1/4/2023,1.108196402
1/5/2023,1.101974001
1/6/2023,1.119084624
1/7/2023,1.097564361
1/8/2023,1.128326918
1/9/2023,1.084569593
1/10/2023,1.077707146
1/11/2023,1.08040284
1/12/2023,1.132001722
1/13/2023,1.069351027
1/14/2023,1.162051519
1/15/2023,1.195094113
1/16/2023,1.075013228
1/17/2023,1.042165055
1/18/2023,1.154518248
1/19/2023,1.110188679
1/20/2023,1.0569356
1/21/2023,1.103259963
1/22/2023,1.238939748
1/23/2023,1.070983125
1/24/2023,1.074474795
1/25/2023,1.099670584
1/26/2023,1.093550231
1/27/2023,1.085579635
1/28/2023,1.128266584
1/29/2023,1.116269857
1/30/2023,1.055799797
2/1/2023,1.122463217
2/2/2023,1.081089143
2/3/2023,1.100660126
2/4/2023,1.212350055
2/5/2023,1.141574743
2/6/2023,1.057594937
2/7/2023,1.052553223
2/8/2023,1.170876353
2/9/2023,1.060368664
2/10/2023,1.075549451
2/11/2023,1.203816516
2/12/2023,1.206249538
2/13/2023,1.076243868
2/14/2023,1.125804749
2/15/2023,1.218481787
2/16/2023,1.204163284
2/17/2023,1.066890267
2/18/2023,1.210061507
2/19/2023,1.141584637
2/20/2023,1.058912218
2/21/2023,1.087526882
2/22/2023,1.071095044
2/23/2023,1.239918159
2/24/2023,1.076359707
2/25/2023,1.216738615
2/26/2023,1.199405008
2/27/2023,1.06875273
2/28/2023,1.072130931
3/1/2023,1.17913317
3/2/2023,1.147519058
3/3/2023,1.082420642
3/4/2023,1.235582286
3/5/2023,1.207220054
3/6/2023,1.083248616
3/7/2023,1.175657729
3/8/2023,1.152015605
3/9/2023,1.157495012
3/10/2023,1.080030754
3/11/2023,1.187479845
3/12/2023,1.237920183
3/13/2023,1.094911996
3/14/2023,1.061880279
3/15/2023,1.080886044
3/16/2023,1.198313498
3/17/2023,1.07799685
3/18/2023,1.154371453
3/19/2023,1.215226327
3/20/2023,1.077032136
3/21/2023,1.06734843
3/22/2023,1.058256881
3/23/2023,1.066075477
3/24/2023,1.05097662
3/25/2023,1.075961141
3/26/2023,1.081864696
3/27/2023,1.060614525
3/28/2023,1.048483795
3/29/2023,1.048705134
3/30/2023,1.05070857
3/31/2023,1.062218045
