week,total_posts,negative,neutral,positive,positive_percentage(%)
2023-01-01,1611,868,83,660,40.9683426443203
2023-01-08,12624,7095,648,4881,38.664448669201526
2023-01-15,12644,7010,658,4976,39.35463460930085
2023-01-22,12486,6883,676,4927,39.460195418869134
2023-01-29,10791,5666,611,4514,41.83115559262348
2023-02-05,8043,4374,423,3246,40.35807534502052
2023-02-12,12529,6796,642,5091,40.633729746986994
2023-02-19,15376,8656,821,5899,38.36498439125911
2023-02-26,12475,6697,739,5039,40.392785571142284
2023-03-05,11827,6126,620,5081,42.96102139173079
2023-03-12,12381,6655,656,5070,40.94984250060577
2023-03-19,14720,7740,801,6179,41.97690217391305
2023-03-26,12656,7183,693,4780,37.768647281921616
2023-04-02,7444,4111,337,2996,40.24717893605588
